{
    "real_min": -0.9994269597879097,
    "real_max": 0.9997883082785894,
    "imag_min": -0.5778609385608241,
    "imag_max": 0.5778609385608241,
    "freq_min": 0.0,
    "freq_max": 0.04389776298693284,
    "damp_min": -1.0,
    "damp_max": -0.9622028103398006
}